key,en,zh_TW
home,Home,主頁
welcome_back,Welcome back,歡迎回來
toggle,Toggle,切換
last_connected,Last connected: {},上次連線：{}
person,Person,個人
account,Account,帳號
not_signed_in,Not signed in,尚未登入
sign_in,Sign In,登入
sign_out,Sign Out,登出
sign_up,Sign Up,註冊
email,Email,電子郵件
password,Password,密碼
sign_in_with_google,Sign in with Google,使用 Google 帳戶登入
no_account_prompt,Don't have an account?,還沒有帳號嗎？
not_signed_in,Not signed in,未登入
silversole,SilverSole,SilverSole
or,OR,或
new_version,New Version {},發現新版本 {}
coming_soon,Coming Soon!,即將推出!
field_required,This field is required,此欄位為必填
sign_up_intro,Enter the following details to complete registration,輸入以下資料完成註冊
confirm_password,Confirm password,密碼確認
invalid_email,Invalid email address,電子郵件格式不正確
password_mismatch,Passwords do not match,兩次輸入的密碼不一致
sign_up_success,Sign Up Success,註冊成功
sign_in_success,Sign In Success,登入成功
sign_out_success,Sign Out Success,登出成功
email_not_confirmed,Email not Confirmed,信箱尚未驗證
invalid_credentials,Invalid email or password,帳號或密碼錯誤
device,Device,裝置
silversole_device_id,SilverSole device ID,SilverSole 裝置 ID
binding,Binding,綁定
binding_silversole_device,Binding SilverSole Device,綁定 SilverSole 裝置
not_binding,Not bound yet,尚未綁定
invalid_device_id_format,Invalid device ID format,裝置 ID 格式不正確
device_already_binding,Device already Binding,裝置已綁定
get_data_success,Data loaded,資料載入完成
rls_denied,Permission denied,權限不足
binding_failed,Binding failed,綁定失敗
device_not_found,Device not found,裝置不存在
identity,Identity,身份
switch_identity,Switch Identity,切換身份
change_identity_check_content,Are you sure you want to switch to {} identity?,您確定要切換成 「{}」 身份嗎？
transmitter,Transmitter,傳輸者
observer,Observer,觀察者
offline,Offline,離線
online,Online,連線中
done,Done,完成
map_binding_required,Bind a device to use map features,需要綁定後才能使用地圖功能
device_recent_locations,Recent device locations,裝置最近位置
device_recent_warnings,Recent device warnings,裝置近期警告
device_recent_data,Recent device data,裝置近期資料
events,Events,事件
safe,Safe,安全
get_last_update_time_success,Last update time fetched successfully,成功取得最後更新時間
get_last_update_time_failed,Failed to fetch last update time,取得最後更新時間失敗
refresh,Refresh,刷新
safety_events_detected,Safety events detected,件安全事件已偵測
devices,devices,裝置
analytics,analytics,分析
settings,settings,設定
map,Map,地圖
vitality_metrics,Vitality Metrics,活力指標
entertainment,Entertainment,娛樂
game,Game,遊戲
redeem,Redeem,兌換
mission,Mission,任務
highest_score,Highest score,最高分
skiing_game,Speed Skiing,急速滑雪
strong,strong,強
medium,medium,中
weak,weak,弱
low,low,低
high,high,高
alert_severity,alert severity,警報嚴重程度
view_history,View history,查看歷史
on,On,開
off,Off,關
general,General,一般
search_device,Search device,搜尋裝置
current_devices,Current devices,目前裝置
dark_mode,Dark Mode,深色模式
switch_theme,Switch Theme,切換主題
theme_classic,Classic,經典
theme_mascot,Mascot,插畫
greeting_morning,Good morning,早安
greeting_afternoon,Good afternoon,午安
greeting_evening,Good evening,晚安
today_mission,Today's mission,今日任務
streak_days,{} day streak,連續 {} 天
steps_progress,{} / {} steps,{} / {} 步
foot_check_title,One-minute foot pressure check,一分鐘足壓健檢
start_check_now,Start check now,立即開始健檢
fall_guard_active,Fall guard active,跌倒守護運作中
fall_guard_events,{} events,{} 件事件
mascot_where_title,Where is Chu?,粗哥在哪？
last_located,Last located · {},最後定位 · {}
no_location_yet,No location yet,尚無定位資料
in_safe_zone,In the safe zone — all good!,在安全範圍內，放心！
safe_zone_hint,Family is notified when leaving the set area,離開設定範圍會通知家屬
set_safe_zone,Set safe zone,設定安全範圍
mission_cta,Play one more round of “Chu Catches Fish” to finish,再玩一場「粗哥接魚」就完成
device_synced,Connected · just synced,已連線 · 剛剛同步
device_product_name,SilverSole Insole,銀足鞋墊
foot_check_status,Good condition · {} steps today,狀態良好 · 今日 {} 步
foot_check_session_title,One-minute foot check,一分鐘足壓檢測
foot_check_collecting,Collecting data…,正在採集數據…
foot_check_complete,Collection complete,採集完成
foot_check_quit,End early,提前結束
foot_check_finish,Done,完成
foot_check_quit_content,The data collected so far will be discarded.,目前採集到的資料會被丟棄。
foot_check_abandon_title,Leave the check?,要放棄這次檢測嗎？
foot_check_abandon_confirm,Leave,放棄
foot_check_finish_early_title,End the collection early?,要提前結束採集嗎？
foot_check_finish_early_content,The result will be generated from what has been collected so far.,會用目前採集到的資料直接產生結果。
foot_check_result_title,Check result,檢測結果
foot_check_result_grade,Overall,整體評估
foot_check_load_section,Load distribution,受力分佈
foot_check_forefoot,Forefoot,前足
foot_check_rearfoot,Rearfoot,後足
foot_check_medial,Medial,內側
foot_check_lateral,Lateral,外側
foot_check_no_data_title,Not enough data,資料不足
foot_check_no_data_body,The sole did not report enough pressure to judge anything. Put the insole in a shoe and stand or walk on it then run the check again.,這次沒有收到足夠的壓力資料，無法做出判斷。把鞋墊放進鞋裡踩著或走動，再重新檢測一次。
foot_check_fore_aft_balanced,Front-to-back load is even with no clear lean.,前後受力平均，重心沒有明顯偏前或偏後。
foot_check_fore_aft_forefoot,More load sits on the forefoot than usual which often goes with a forward lean or tight calves.,前足受力比一般情況多，常見於重心前傾或小腿較緊繃。
foot_check_fore_aft_rearfoot,More load sits on the heel than usual which often goes with a backward lean.,後足受力比一般情況多，常見於重心略為後傾。
foot_check_side_balanced,Forefoot load is spread evenly across the ball of the foot.,前足受力在內外側之間分佈平均。
foot_check_side_medial,Forefoot load leans to the inner edge which is the pattern of mild pronation.,前足受力偏內側，屬於輕微內旋的分佈。
foot_check_side_lateral,Forefoot load leans to the outer edge which is the pattern of mild supination.,前足受力偏外側，屬於輕微外旋的分佈。
foot_check_rating_good,Good,好
foot_check_rating_very_good,Very good,很好
foot_check_rating_excellent,Excellent,非常好
foot_check_quit_confirm,End,結束
foot_check_waiting,Waiting for sole data,等待鞋墊資料
fall_guard_summary,{} events in 7 days · {} family notified,近 7 日 {} 事件 · 已通知 {} 位家屬
fall_detected_demo,Fall detected,跌倒判定
fall_demo_readout,Tilt {}° · held {} s,傾角 {}° · 已持續 {} 秒
fall_demo_dismiss,I'm OK,我沒事
games_hub_title,Move with Chu,陪粗哥動一動
pick_a_game,Pick one to play,選一款來玩
mission_almost_done,Almost done,快完成了
mission_walk_steps,Walk {} steps ({}),走 {} 步（{}）
mission_play_game,Play {},玩 {}
coin_reward,+{} coins,+{} 幣
garden,Garden,菜園
garden_nutrient,Nutrient {},養分 {}
shop,Shop,商店
shop_coins,{} coins,{} 幣
family,Family,家庭
family_cheers,{} cheers,{} 則加油
game_go,GO,GO
game_group_hop,Group Hop,帶團跳
game_chase_zombie,Chase Zombies,趕殭屍
game_catch_fish,Chu Catches Fish,粗哥接魚
game_ride_bike,Ride Along,騎鐵馬
game_paddle_canoe,Paddle Boat,划龍舟
game_rhythm_step,Rhythm Step,節奏踏步
game_memory_quiz,Memory Quiz,記憶問答
analytics_title,How is your walking?,走得怎麼樣？
vitality_gait,Vitality gait,活力步態
pressure_distribution,Pressure map,足壓分佈
range_day,Day,日
range_week,Week,週
range_month,Month,月
range_quarter,90 days,90天
gait_diary,Gait diary,步態日記
steps_label,Steps,步數
balance_label,Balance,平衡
weekly_trend,This week's vitality trend,本週活力趨勢
weekly_summary,{} steps this week · {}% more than last week,本週共 {} 步 · 比上週多 {}%
long_term_pending,Long-term trends are still crunching — almost there!,長期趨勢整理中，快好了！
stride_length,Stride length,步幅長度
lr_symmetry,Left-right symmetry,左右對稱
stance_swing,Stance / Swing,站立 / 擺動
drag_count,Foot drags,拖地次數
drag_today,{} times today,今日 {} 次
my_game_badges,My game badges,我的遊戲徽章
badge_locked,Locked,未解鎖
badge_fish,Fishing Master,接魚達人
badge_quiz,Quiz Whiz,問答高手
badge_canoe,Boat Rower,划船好手
badge_bike,Road Rider,單車騎士
badge_drums,Rhythm Star,節奏之星
badge_bat,Home Runner,全壘打王
badge_zombie,Zombie Slayer,殭屍剋星
transmission_method,Transmission Method,傳輸方式
bluetooth,Bluetooth,藍牙
hotspot,Hotspot,熱點
no_data,No data,無資料
wifi,WiFi,WiFi
scanning_nearby_devices,Scanning nearby devices...,正在掃描附近的裝置...
select_your_silversole_device,Select your SilverSole device,選擇你的 SilverSole 裝置
confirm,Confirm,確認
cancel,Cancel,取消
unknown_model,Unknown model,未知型號
nearby_devices,Nearby devices,附近裝置
set_primary_device_title,Set as Primary Device,設為主要裝置
set_primary_device_content,Set {deviceName} as your primary device? The app will prioritize this device on Home and attempt to connect to it first.,要將「{deviceName}」設為主要裝置嗎？設為主要裝置後，首頁會優先顯示此裝置並優先嘗試連線。
set_primary_device_success,Primary device updated,已設為主要裝置
no_primary_device_title,No primary device available,目前沒有可用的主要裝置
no_primary_device_body,Go to “Devices” to add a device then enable any device to get started.,前往「裝置」新增裝置後，啟用任一裝置即可開始使用。
rename,Rename,重新命名
rename_this_device,Rename this device,重新命名此裝置
delete,Delete,刪除
delete_device_title,Delete this device?,要刪除此裝置嗎？
delete_device_content,This action cannot be undone. You can pair it again later.,此操作無法復原，你之後仍可重新配對。
rename_device_success,Device renamed successfully,裝置名稱已更新
delete_device_success,Device deleted successfully,裝置已刪除
rename_device,Rename device,重新命名裝置
device_settings,Device settings,裝置設定
delete_device,Delete device,刪除裝置
clear_all_devices,Clear all pairings,清除全部配對
clear_all_devices_title,Clear all paired devices?,要清除全部配對嗎？
clear_all_devices_content,The app will forget every paired device and stop connecting automatically until you pair one again.,App 會忘記所有已配對的裝置並停止自動連線，直到你再次配對。
clear_all_devices_success,All pairings cleared,已清除全部配對
switch_device_title,Switch device?,切換裝置？
switch_device_body,Switch to {}?,要切換到 {} 嗎？
add_device,Add device,新增裝置
coming_soon,Coming Soon,敬請期待
coming_soon_content,This feature is not available yet. Stay tuned for updates.,功能尚未開放，等待後續更新。
pressure,Pressure,壓力
acc,Acceleration,加速度
gyro,Gyroscope,陀螺儀
six-axis,Six Axis,六軸
battery,Battery,電池
start_record,Start record All,開始記錄
stop_record,Stop record,結束記錄
recording,Recording,記錄中
record,Record,記錄
already_recording_with_seconds,Recording in progress: {} seconds,記錄進行中：{} 秒
already_recording_with_count,Recorded samples: {},已記錄資料筆數：{}
export_record_file_title,Choose the action type,選擇動作種類
export,Export,匯出
walk,Walk,走路
run,Run,跑步
sit_down,Sit Down,坐下
stand_up,Stand Up,起立
fall,Fall,跌倒
kick,Kick,踢擊
view,View,查看
today,Today,今天
seven_days,7 Days,7 天
thirty_days,30 Days,30 天
foot_pressure_distribution,Foot Pressure Distribution,足底壓力分布
forefoot,Forefoot,前腳掌
midfoot,Midfoot,足弓
heel,Heel,後跟
average_pressure,Average,平均壓力
today_status,Today Status,今日狀態
gait_stable,Gait Stable,步態穩定
today_pressure_summary,Pressure distribution is normal today with slightly higher right heel pressure,今日壓力分布正常，右腳後跟略高
stability_score,Stability score,穩定度分數
fall_risk,Fall risk,跌倒風險
wearing_status,Wearing status,穿戴狀態
wearing,Wearing,穿戴中
today_steps,Today steps,今日步數
outdoor_time,Outdoor time,戶外時間
duration_minutes,{} min,{} 分鐘
abnormal_events,Abnormal events,異常事件
device_battery,Device battery,裝置電量
pressure_analysis,Pressure Analysis,壓力分析
left_right_balance,Left-right balance,左右平衡
front_back_balance,Front-back balance,前後平衡
pressure_focus_area,Pressure focus area,壓力關注區域
gait_rhythm,Gait rhythm,步態節奏
slightly_right,Slightly right,稍微偏右
heel_biased,Heel-biased,後跟偏重
right_heel,Right heel,右後跟
normal,Normal,正常
notice,Notice,注意
stable,Stable,穩定
seven_day_stability_trend,7-Day Stability Trend,7 日穩定度趨勢
week,Week,週
month,Month,月
mon,Mon,週一
tue,Tue,週二
wed,Wed,週三
thu,Thu,週四
fri,Fri,週五
sat,Sat,週六
sun,Sun,週日
ai_care_suggestion,AI Care Suggestion,AI 照護建議
update_test,update_test,update_test,
pressure_visualization,Pressure Map,壓力可視化
time_ago_seconds,{} seconds ago,{} 秒前
time_ago_minutes,{} minutes ago,{} 分鐘前
time_ago_hours,{} hours ago,{} 小時前
time_ago_days,{} days ago,{} 天前
time_ago_over_7_days,over 7 days ago,7 天以上
foot_health_check_title,One-Minute Foot Health Check,一分鐘足壓健檢
foot_health_check_cta,Start Health Check,立即開始健檢
foot_health_check_last,Last {},上次 {}
foot_health_check_status_good,Good condition,狀態良好
foot_health_check_today_steps,{} steps today,今日 {} 步
score_unit,pts,分
daily_missions_title,Daily missions,每日任務
daily_missions_subtitle,{} left today — finish all for a +100 bonus,今天還有 {} 項，全部完成再 +100 加碼！
daily_missions_footer,Coins you earn redeem for shop vouchers and rewards,賺到的活力幣，可到商店換折價券與獎勵
mission_go,Go,去完成
mission_claimed,Claimed,已領取
mission_done,Done,已完成
mission_walk_title,Walk {} steps,走滿 {} 步
mission_balance_title,Complete a balance training,完成一次平衡訓練
mission_balance_subtitle,Play “Balance Penguin” to finish,玩「重心企鵝」即可達成
mission_balance_game,Balance Penguin,重心企鵝
mission_measure_title,Measure foot pressure once,量測一次足壓
my_devices,My devices,我的裝置
device_hero_caption,SilverSole Smart Insole · L / R,SilverSole 智慧鞋墊 · 左 / 右
signal_good,Connected · Strong signal,已連線 · 訊號良好
firmware_version,Firmware,韌體版本
firmware_detail,{} · Live sync {} Hz,{} · 即時同步 {} Hz
firmware_up_to_date,Up to date,已是最新
device_pair_new,Pair new device,配對新裝置
no_paired_devices,No devices paired yet,尚未配對任何裝置
shop_title,Vitality Coin Shop,活力幣商店
your_coins,Your vitality coins,你的活力幣
real_prize_quota,Real-prize quota used {}/{} NTD this month,本月真獎額度已用 {}/{} 元
shop_section_gacha,Daily gacha,每日扭蛋
shop_item_gacha,A random outfit shard — one spin a day,隨機造型碎片，每天回來轉一次
shop_section_prize,Real prizes · digital vouchers (NT$50 per month · PRO only),真獎 · 數位券（每月上限 NT$50 · PRO 限定）
shop_item_coffee,Convenience-store coffee voucher,超商咖啡券
shop_item_voucher,NT$50 shopping credit,購物金 50 元
shop_prize_value,Real prize · worth NT${},真獎 · 價值 NT${}
shop_section_skin,Outfits (also swappable for shards in the Garden),粗哥造型（也可以在菜園用碎片換）
shop_item_skin_sport,Sportswear outfit,運動服造型
shop_item_skin_chef,Chef outfit,廚師造型
shop_skin_wearable,Wearable as soon as you buy it,買了就能穿
device_name,Device name,裝置名稱
demo_motion,Sample,樣本
demo_motion_off,Stop sample,關閉樣本
left_foot,Left foot,左腳
right_foot,Right foot,右腳
both_feet,Both feet,雙腳
gait_group_ability,Walking ability,行走能力
gait_group_stability,Walking stability,走路穩定度
gait_sect_daily_speed,Daily speed,每日步速
gait_sect_four_weeks,Four-week trend,四週趨勢
gait_sect_twelve_weeks,Twelve-week trajectory,十二週軌跡
gait_sect_phase,Phase,分期
gait_sect_lr_stance,Left and right stance time,左右腳站立時間
gait_sect_four_metrics,Four metrics moving together,四項指標同步變化
gait_hero_speed_week,Average speed · last 7 days,近 7 天平均步速
gait_hero_speed_month,Average speed · last 30 days,近 30 天平均步速
gait_hero_speed_quarter,Current speed · last 7 days,目前步速（近 7 天）
gait_live_daily,Updated daily,每日更新
gait_delta_vs_week,vs previous 7 days,vs 前 7 天
gait_delta_vs_month,vs previous 30 days,vs 前 30 天
gait_delta_vs_quarter,over the last 90 days,近 90 天
gait_threshold_under,Under the detectable threshold,未達門檻
gait_threshold_over,Over the detectable threshold,超過門檻
gait_threshold_rate,About 0.047 slower each month,每月約降 0.047
gait_phase_stable,Stable,穩定期
gait_phase_declining,Declining,下降期
gait_phase_alert,Watch closely,警戒期
gait_metric_speed,Walking speed,步速
gait_metric_cadence,Cadence,步頻
gait_metric_stability,Step stability,步伐穩定度
gait_metric_double_support,Double support time,雙腳著地時間
gait_metric_symmetry,Left-right balance,左右平衡
gait_unit_mps,m/s,m/s
gait_unit_spm,steps/min,步/分
gait_unit_percent,%,%
gait_aux,Supporting,輔助
gait_sub_flutter,Per-step variation,每步波動
gait_reading_cadence_flat,About the same as last week,和上週差不多
gait_reading_ds_week,More time on both feet than last week,比上週更常用雙腳撐著
gait_reading_ds_month,More time on both feet than last month,比上月更常用雙腳撐著
gait_reading_sym_week,The left foot stays down a little longer,左腳踩得比右腳久一些
gait_reading_sym_month,The gap keeps widening so watch the right side,差距持續擴大，建議留意右側
gait_reading_cv_month,Step rhythm is less even than last month,每一步的節奏比上月更不一致
gait_fall_title,Falls in the last 3 months,近 3 個月跌倒
gait_fall_last,Most recent: week 10,最近一次：第 10 週
gait_fall_last_quarter,Week 10 · same period as the speed drop,第 10 週一次 · 與步速下降同期
gait_fall_unit,times,次
gait_note_week,About 14820 steps over the last 7 days — plenty of data. This much only makes the averages trustworthy; step stability needs a month or more to mean anything so it is not shown here.,近 7 天累積 14820 步，資料量充足。這個資料量只夠讓平均值可信；步伐穩定度需要一個月以上才有意義，因此不在本頁顯示。
gait_note_month,About 61300 steps over the last 30 days. All four metrics are worsening together — slower walking · less even rhythm · more time on both feet · more asymmetry. That combination usually points to falling confidence in balance rather than one joint problem.,近 30 天累積 61300 步。四項指標同向惡化——走得慢、節奏變亂、雙腳同時著地時間變長、左右更不對稱。這個組合通常代表平衡信心下降，而非單一關節問題。
gait_note_quarter,The decline has run for twelve weeks and passed the detectable threshold in each of the last three. The fall in week 10 happened in the same period.,下降趨勢已持續十二週，最近三週都超過可偵測門檻。第 10 週那次跌倒也發生在同一期間。
gait_advice_title,Suggested next steps,建議行動
gait_advice_assessment,Arrange a walking assessment and check whether any medication changed recently,安排一次行走功能評估，並確認近期是否有換藥
gait_advice_home,Check the home — bathroom grab bars · night lighting · non-slip flooring,居家環境檢視：浴室扶手、夜間照明、地面止滑
gait_advice_pain,Watch for pain on one side (left-right balance is a supporting observation and not a primary judgement),可一併留意是否有單側疼痛（左右平衡為輔助觀察，非主要判定依據）
gait_help_speed_title,Walking speed,步速
gait_help_speed_body,How many metres per second. It reflects overall walking ability and is an early sign of functional decline.,每秒走多少公尺。反映整體行走能力，是功能退化的早期訊號。
gait_help_speed_note,Walking speed does not predict falls directly. Walking fast does not mean not falling. For fall risk look at the walking-stability group instead.,注意：步速不直接預測跌倒。走得快不等於不會跌倒。要看跌倒風險，請看「走路穩定度」那一區。
gait_help_speed_evidence,JAMA 2011 pooled 9 cohorts and 34485 older adults: every 0.1 m/s faster came with 12% lower mortality risk. The 2022 world falls guidelines include walking speed in risk assessment.,JAMA 2011 彙整 9 個世代、34485 位長者：步速每快 0.1 m/s，死亡風險降 12%。2022 世界跌倒防治指引已將步速納入風險評估流程。
gait_help_cadence_title,Cadence,步頻
gait_help_cadence_body,Steps per minute. Walking slowly usually means either smaller steps or a slower rhythm and this number tells the two apart.,每分鐘走幾步。走得慢通常是步子變小、或步頻變慢，這個數字幫忙區分是哪一種。
gait_help_cadence_evidence,STURDY 2021 (432 people): every 10 steps/min more in daily life came with a 13.2% lower fall rate.,STURDY 研究 2021（432 人）：日常步頻每高 10 步/分，跌倒率低 13.2%。
gait_help_stability_title,Step stability,步伐穩定度
gait_help_stability_body,Whether every step keeps the same rhythm. Speeding up and slowing down means less control.,每一步的節奏是不是一致。忽快忽慢代表控制力下降。
gait_help_stability_note,This is stride-time variability turned around into a score so higher is better. The conversion is our own way of presenting it and not an existing clinical scale.,這是把「跨步時間變異度」反轉過來的分數，越高越好。分數換算方式是我們為了直覺而設計的呈現，不是既有臨床量表。
gait_help_stability_evidence,Arch Phys Med Rehabil 2001: 52 older adults wore force-sensing insoles for a year. Stride-time variability was 106±30 ms among those who fell against 49±4 ms among those who did not — 2.2 times apart.,Arch Phys Med Rehabil 2001：52 位長者穿力感應鞋墊追蹤 1 年。跌倒者跨步時間變異度 106±30 ms、未跌倒者 49±4 ms——相差 2.2 倍。與本產品同一類感測方式。
gait_help_doubleSupport_title,Double support time,雙腳著地時間
gait_help_doubleSupport_body,The share of walking time with both feet on the ground at once.,走路時，兩隻腳同時踩在地上的時間比例。
gait_help_doubleSupport_note,Think of walking on ice — you slow down and keep a foot down longer without meaning to. This number measures how much of that is in everyday walking. Higher means less confident. The per-step variation under it is the figure linked more strongly to falls.,想像你走在結冰的路上——會不自覺放慢、並且多留一隻腳在地上。這是身體自己的保險機制。這個數字就是在量「他平常走路時，有多像在走冰面」。數字越高，代表越不放心。下方的「每步波動」才是與跌倒關聯較強的那一個。
gait_help_doubleSupport_evidence,Age and Ageing 2011 (412 people): what correlated with repeated falls was the variation in double support time and not its average. The average itself is hard to measure well from insoles and needs both feet synchronised precisely.,Age and Ageing 2011（412 人隨機抽樣）：與反覆跌倒相關的是雙腳著地時間的波動，不是平均值。平均值本身在鞋墊上較難量準，需仰賴雙腳精準同步。
gait_help_symmetry_title,Left-right balance,左右平衡
gait_help_symmetry_body,How alike the two feet are. 100% means identical.,左腳和右腳的步伐有多一致。100% 代表完全一樣。
gait_help_symmetry_note,With a blister you favour that foot without noticing. A sore knee or a mild stroke makes the body do the same thing — and the person often cannot tell. The insole notices before they do.,腳底長水泡的時候，你會不自覺少踩那隻腳。膝蓋痛、髖關節退化、輕微中風，身體都會做同一件事——而且本人常常沒察覺。鞋墊會比他自己更早發現。
gait_help_symmetry_evidence,Weaker evidence: the available prospective study measured its predictive value while walking and doing a cognitive task at the same time which is not the same as natural daily walking. It is a supporting observation only and stays out of the phase decision.,證據較弱：現有前瞻研究（2019，105 人追蹤 2 年）測到的預測力是在「邊走路邊做認知作業」的條件下，與日常自然行走不完全相同。因此本項僅作輔助觀察，不參與分期判定。
gait_help_threshold_title,Detectable threshold,可偵測門檻
gait_help_threshold_body,A change smaller than this cannot be told apart from measurement error so it counts as no change at all.,小於這個幅度的變化，無法和量測誤差區分，所以視為「沒有變化」。
gait_help_threshold_note,The weekly threshold is 0.028 m/s and the monthly one is 0.013. Only past the threshold do we say something really changed. That keeps normal weekly wobble from causing worry.,一週的門檻是 0.028 m/s，一個月是 0.013。只有超過門檻，我們才會說「真的變了」。這是為了避免每週的正常波動造成不必要的擔心。
gait_help_threshold_evidence,J Am Geriatr Soc 2006: a meaningful change in walking speed is about 0.05 m/s (small) or 0.10 m/s (substantial). The threshold comes from the literature and not from caution on our part.,J Am Geriatr Soc 2006：步速的「有意義變化」小幅約 0.05 m/s、實質約 0.10 m/s。門檻不是我們保守，是文獻定義的。
gait_help_phase_title,How the phase is decided,分期怎麼判定
gait_help_phase_body,The first four weeks set this person their own baseline and every week after that is compared against it.,以前 4 週建立這位長輩自己的基線，之後每週比較一次。
gait_help_phase_note,Three weeks in the same direction with a cumulative change past the threshold becomes a declining or improving phase. A worsening rate above 3% per month becomes the watch phase. One week of wobble never changes the phase and neither does crossing a clinical reference value on its own — that line carries measurement uncertainty and needs a professional to confirm.,連續 3 週同方向、而且累計變化超過門檻 → 下降期或上升期。惡化速率超過每月 3% → 警戒期。單週波動不會改變分期；步速絕對值跨過臨床參考值也不會——那條線帶有量測不確定性，需要專業評估確認。
gait_help_phase_evidence,The phase labels are our own design and are not clinically validated. The rules under them have a statistical basis but a name like "declining" is a trend hint and not a medical diagnosis.,分期標籤是本產品的設計，沒有臨床驗證。底層規則（不重疊分箱＋可偵測門檻）有統計依據，但「下降期」這個名稱本身是趨勢提示，不是醫療診斷。
gait_help_binning_title,Why weeks are the unit,為什麼用「週」為單位
gait_help_binning_body,Every point on the trend chart is one complete week that does not overlap the next.,趨勢圖的每個點都是一個完整且不重疊的星期。
gait_help_binning_note,A rolling average updated daily would share six sevenths of its data with the point beside it and the smoothed curve would invent a steady decline. A dashed line with a hollow point means the week is not over yet and does not count toward the phase.,如果改用每天更新的滾動平均，相鄰的點會共用 6/7 的資料，曲線被抹平後會產生「連續下降」的假象。虛線與空心點代表本週尚未結束，不列入分期判定。
gait_help_falls_title,Fall records,跌倒紀錄
gait_help_falls_body,Falls detected by the insole itself.,由鞋墊自動偵測的跌倒事件。
gait_help_falls_note,In the literature whether someone has fallen before is the single strongest predictor of falling again — stronger than any gait number. That is why it sits beside the gait metrics.,文獻上，過去是否跌倒是跌倒風險最強的單一指標——比任何步態數字都強。所以它和步態指標放在一起看。
gait_help_falls_evidence,A reminder: gait metrics can hint at a tendency toward repeated falls and not at which day someone will fall. Studies show gait parameters cannot predict a single fall event.,提醒：步態指標能提示的是反覆跌倒的傾向，不是「哪一天會跌倒」。研究顯示步態參數無法預測單次跌倒事件。
gait_help_note_label,Worth knowing,注意
gait_help_evidence_label,Evidence,文獻依據
gait_week_n,Week {},第 {} 週
gait_ref_value,Reference {},臨床參考值 {}
gait_ref_band,Gray band = measurement uncertainty · never stages on its own,灰帶＝量測不確定性 · 不自動判定
gait_in_progress,This week is still running,本週尚未結束
